query,company,domain,website,email,status,score
marketing agency milan,Zebrah - Homepage,zebrah.it,https://zebrah.it,info@zebrah.it,ready,15
marketing agency milan,Milan Communication and Marketing Agency With 40 Years of Experience,agenziabrand.it,https://agenziabrand.it,info@agenziabrand.it,ready,15
digital agency milan,Digital &amp; Web Agency Milan - Zero Digitale,zerodigitale.it,https://zerodigitale.it,info@zerodigitale.it,ready,15
marketing agency milan,"Agenzia di Marketing, Comunicazione e Brand Advisory | Bliss Agency",blissagency.it,https://blissagency.it,contatti@blissagency.it,ready,13
marketing agency milan,"Marketing and communication agency in Milan, Italy - SAY",sayagency.com,https://sayagency.com,info@sayagency.com,ready,13
digital agency milan,Best Digital Marketing Agencies in Milan (Top 10) 2026,aitechtonic.com,https://aitechtonic.com,info@aitechtonic.com,ready,13
seo agency milan,Top 15+ SEO Agencies In Milan (2026) - Edvido,edvido.com,https://edvido.com,info@edvido.com,ready,13
seo agency milan,⚡️ Best SEO agency in Milan | Rocket Digital,rock.et,https://rock.et,info@rock.et,ready,13
real estate agency milan,Engel &amp; Völkers Milano,engelvoelkers.com,https://engelvoelkers.com,contact@engelvoelkers.com,ready,13
real estate agency milan,Milan - Brokers &amp; Luxury estate agents - Luxuryestate.com,luxuryestate.com,https://luxuryestate.com,info@luxuryestate.com,ready,13
startup accelerator italy,Home | VITA Accelerator,vitaaccelerator.it,https://vitaaccelerator.it,info@vitaaccelerator.it,ready,12
marketing agency milan,Best Advertising Agencies in Milan 2025 | Semrush,semrush.com,https://semrush.com,mail@semrush.com,ready,11
marketing agency milan,"Influencer Marketing Agency in Milan, Italy — YKONE",ykone.com,https://ykone.com,Post-@martinapinto-jpg.jpg,ready,11
seo agency milan,"Top 24 SEO Agencies in Milan, Italy - aiseomate.com",aiseomate.com,https://aiseomate.com,oleg@aiseomate.com,ready,11
real estate agency milan,"THE BEST 10 REAL ESTATE AGENTS in MILAN, ITALY - Yelp",yelp.com,https://yelp.com,stars@2x.yji-93f28c428b8c980a.png,ready,11
startup accelerator italy,VCs and Startup Programs in Italy (2026) - IncubatorList.com,incubatorlist.com,https://incubatorlist.com,hello@boxgroup.com,ready,10
startup accelerator italy,Top 40 Accelerators and Incubators in Italy (2026) - Failory,failory.com,https://failory.com,nico@failory.com,ready,8
startup accelerator italy,Apply to top startup accelerators in Italy in 2026 - F6S,f6s.com,https://f6s.com,support@f6s.com,ready,8
startup accelerator italy,ARES Accelerator - Acceleratore di start-up e PMI al servizio del ...,aresaccelerator.com,https://aresaccelerator.com,aresaccelerator@legalmail.it,ready,8
startup accelerator italy,"Top Accelerators &amp; Incubators in Italy (Jan, 2026) - Tracxn",tracxn.com,https://tracxn.com,PR@tracxn.com,ready,8
startup accelerator italy,Best Startup Accelerators And Incubators In Italy | Vestbee,vestbee.com,https://vestbee.com,hero_bg@2x.png,ready,8
