company,website,domain,email,status
004 Technologies,http://004gmbh.de/en/004-interact,004gmbh.de,info@004gmbh.de,ready
H2O.ai,http://h2o.ai/,h2o.ai,,no-email
"1-800-PublicRelations, Inc.",http://www.1800publicrelations.com,1800publicrelations.com,,no-email
1 Mainstream,http://www.1mainstream.com,1mainstream.com,,no-email
10-20 Media,http://www.10-20media.com,10-20media.com,,no-email
1000 Corks,http://1000corks.com,1000corks.com,,no-email
1000 Markets,http://www.1000markets.com,1000markets.com,,no-email
ZenChef,http://zenchef.com/en/,zenchef.com,,no-email
100Plus,http://www.100plus.com,100plus.com,support@100plus.com,ready
1010data,http://www.1010data.com,1010data.com,info@symphonyai.com,ready
Cliptone,http://www.cliptone.me/,cliptone.me,,no-email
10sec,https://10s.ec/,10s.ec,,no-email
10seconds Software,http://www.10secondsSoftware.com,10secondssoftware.com,,no-email
10X10 Room,http://10x10room.com,10x10room.com,contact@10x10room.com,ready
11i Solutions,http://www.11isolutions.com,11isolutions.com,,no-email
121nexus,http://www.121nexus.com,121nexus.com,,no-email
1234ENTER,http://www.1234enter.com.br,1234enter.com.br,,no-email
123Greetings,http://www.123greetings.com/,123greetings.com,,no-email
1248,http://1248.io/index.php/?page=index,1248.io,,no-email
12Return,http://www.12return.com,12return.com,,no-email
12Society,http://www.12Society.com,12society.com,,no-email
140 Proof,http://140proof.com,140proof.com,,no-email
140Fire,http://140fire.com,140fire.com,,no-email
15Five,http://15five.com,15five.com,,no-email
17 Media,http://17.media,17.media,,no-email
170 Systems,http://www.170systems.com,170systems.com,,no-email
17hats,https://www.17hats.com,17hats.com,support@17hats.com,ready
1871,http://www.1871.com,1871.com,info@1871.com,ready
1CloudStar,http://www.1CloudStar.com,1cloudstar.com,,no-email
1DayMakeover,http://www.1daymakeover.com,1daymakeover.com,,no-email
1Energy Systems,http://1energysystems.com,1energysystems.com,,no-email
1Ring,http://www.1ring.com,1ring.com,,no-email
1SDK,http://www.1sdk.com,1sdk.com,hello@dcmn.com,ready
1stdibs,http://www.1stdibs.com,1stdibs.com,,no-email
1stGig.com,http://www.1stgig.com,1stgig.com,,no-email
1V1 DRAFT GAEMS,http://1V1GRAFTGAMES.COM,1v1graftgames.com,,no-email
1World Online,http://1worldonline.com,1worldonline.com,,no-email
2NGageU,http://www.2ngageu.com,2ngageu.com,,no-email
2 Pro Media Group,http://www.2pro.hk,2pro.hk,,no-email
20x200,http://www.20x200.com,20x200.com,,no-email
2100b Sausalito LLC.,http://2100b.com,2100b.com,,no-email
21 Inc,https://21.co,21.co,,no-email
23andMe,http://23andme.com,23andme.com,press@23andme.com,ready
23press,http://www.23press.com,23press.com,,no-email
[24]7,http://247-inc.com,247-inc.com,info@247.ai,ready
247 Techies,http://www.247techies.com,247techies.com,,no-email
24fab,https://www.24fab.com/,24fab.com,,no-email
24h00,http://www.boosket.com/,boosket.com,,no-email
24i,http://www.24i.com/,24i.com,letstalk@24i.com,ready
24PageBooks,http://24pagebooks.com,24pagebooks.com,,no-email
24Symbols,http://www.24symbols.com,24symbols.com,support@24symbols.com,ready
250ok,http://250ok.com,250ok.com,,no-email
25eight,http://25eightsoftware.com,25eightsoftware.com,,no-email
27 bards,http://27bards.com,27bards.com,,no-email
27 Perry,http://www.27perry.com,27perry.com,,no-email
280 North,http://280north.com,280north.com,contactus@outible.com,ready
28msec,http://www.28msec.com,28msec.com,,no-email
29West,http://www.informatica.com/us/products/messaging/#fbid=UCXENH4s-Pb,informatica.com,,no-email
2AdPro Media Solutions,http://www.2adpro.com,2adpro.com,,no-email
2C2P,http://www.2c2p.com,2c2p.com,support@2c2p.com,ready
2Checkout,http://www.2checkout.com,2checkout.com,,no-email
2CODE Online,http://www.2codeonline.com,2codeonline.com,,no-email
2CRisk,http://www.2crisk.com.au,2crisk.com.au,support@2crisk.com.au,ready
2d2c,http://www.2d2c.com,2d2c.com,,no-email
2GO Mobile Solutions,http://www.2gosoftware.com,2gosoftware.com,,no-email
2heuresavant,http://www.2heuresavant.com/spectacles,2heuresavant.com,,no-email
2lemetry,http://2lemetry.com,2lemetry.com,,no-email
2Morrow Inc,http://www.2morrowinc.com,2morrowinc.com,info@2morrowinc.com,ready
2nd Screen Games,http://www.2ndsg.com,2ndsg.com,,no-email
"2nd Story Software, Inc.",http://www.taxact.com,taxact.com,,no-email
2nd Watch,http://2ndwatch.com,2ndwatch.com,,no-email
2Nite2Nite.net,http://www.2nite2nite.net,2nite2nite.net,,no-email
2U Inc.,http://2u.com,2u.com,media@2u.com,ready
2Vancouver,http://2vancouver.com,2vancouver.com,,no-email
3 Kinds of Ice,http://www.3kindsofice.com,3kindsofice.com,,no-email
30 Second Showcase,http://www.30secondshowcase.com,30secondshowcase.com,,no-email
30SecondsToFly - Claire,http://www.30secondstofly.com,30secondstofly.com,,no-email
31Dover,http://www.31dover.com,31dover.com,,no-email
33Across,http://www.33across.com,33across.com,,no-email
"360fly, Inc.",http://www.360fly.com,360fly.com,hello@360fly.com,ready
360incentives.com,http://www.360incentives.com,360incentives.com,,no-email
360Quan,http://www.360quan.com,360quan.com,,no-email
365 Data Centers,http://365datacenters.com,365datacenters.com,,no-email
365 Retail Markets,http://www.365retailmarkets.com,365retailmarkets.com,hr@365rm.com,ready
Basecamp,https://basecamp.com/,basecamp.com,jason@basecamp.com,ready
38 Zeros,http://www.38zeros.com/,38zeros.com,,no-email
3Cinteractive,http://www.3C.com,3c.com,,no-email
3Claps,http://www.3claps.com,3claps.com,,no-email
3ClickEMR Corporation,http://www.3clickemr.com,3clickemr.com,,no-email
3CLogic,http://www.3clogic.com,3clogic.com,info@3clogic.com,ready
XDN/3Crowd Technologies,http://www.3crowd.com,3crowd.com,,no-email
3DPrinterOS,http://www.3DPrinterOS.com,3dprinteros.com,john@3dprinteros.com,ready
3D Industri.es,http://www.3dindustri.es,3dindustri.es,,no-email
3D Product Imaging,http://3dproductimaging.com/,3dproductimaging.com,,no-email
3D simo,http://3dsimo.com,3dsimo.com,,no-email
3D Sound Labs,http://www.3dsoundlabs.com,3dsoundlabs.com,,no-email
3D Sports Technology,http://3dsportstech.com,3dsportstech.com,,no-email
3D Systems,http://www.3dsystems.com,3dsystems.com,press@3dsystems.com,ready
3DBin,http://3dbin.com,3dbin.com,,no-email
3dCart Shopping Cart Software,http://www.3dcart.com,3dcart.com,,no-email
3DDUO,http://www.3dduo.com/en,3dduo.com,,no-email
3DIVAZ,http://www.3divaz.ch/Home,3divaz.ch,,no-email
3DPrintus,http://3dprintus.ru,3dprintus.ru,hello@3dprintus.ru,ready
3DT,http://3dtinc.com/,3dtinc.com,,no-email
3FLOZ,http://www.3floz.com,3floz.com,,no-email
3Funnel,http://www.3funnel.com,3funnel.com,,no-email
Nimble VR,http://nimblevr.com/,nimblevr.com,,no-email
3IS,http://www.3isinc.com/,3isinc.com,2062d0a4929b45348643784b5cb39c36@sentry.wixpress.com,ready
3KeyIt,http://www.long-associates.biz/,long-associates.biz,,no-email
3LM,http://www.3lm.com,3lm.com,,no-email
3PAR,http://www.3par.com,3par.com,,no-email
3Pillar Global,http://www.3pillarglobal.com,3pillarglobal.com,tss-global@3pillarglobal.com,ready
3PL Central,http://3plcentral.com/,3plcentral.com,hello@extensiv.com,ready
3Play Media,http://www.3playmedia.com,3playmedia.com,,no-email
3PointData,http://3pointdata.com,3pointdata.com,,no-email
3scale,http://www.3scale.net,3scale.net,,no-email
3seventy,http://www.3seventy.com,3seventy.com,info@truedialog.com,ready
3Sourcing,http://www.3sourcing.com,3sourcing.com,,no-email
3TEN8,http://www.3ten8.com/,3ten8.com,,no-email
3Touch,http://www.3touch.com,3touch.com,,no-email
4-Tell,http://4-tell.com,4-tell.com,,no-email
42,http://www.42technologies.com,42technologies.com,hello@42technologies.com,ready
Loctronix,http://www.loctronix.com,loctronix.com,,no-email
CAD CAD Design Services,http://www.thebegetter.com,thebegetter.com,,no-email
4Blox,http://www.4blox.com,4blox.com,,no-email
4C,http://www.4cinsights.com,4cinsights.com,,no-email
4D Energetics,http://4denergetics.com,4denergetics.com,,no-email
4Front Security,http://www.4frontsecurity.com,4frontsecurity.com,,no-email
4Home,http://www.4home.com,4home.com,,no-email
4INFO,http://www.4info.com,4info.com,,no-email
4Less,http://golf4less.com.au,golf4less.com.au,,no-email
4moms,http://www.4moms.com,4moms.com,,no-email
4screens,http://4screens.net/,4screens.net,info@4screens.net,ready
4th aspect,http://www.4thaspect.com,4thaspect.com,,no-email
4theTable,http://www.4thetable.com,4thetable.com,,no-email
4tiitoo GmbH,http://www.4tiitoo.com,4tiitoo.com,,no-email
5 examples,http://5examples.com,5examples.com,,no-email
5 Million Shoppers,http://5mshoppers.com/,5mshoppers.com,,no-email
ChartRequest,http://www.chartrequest.com,chartrequest.com,info@chartrequest.com,ready
5 Screens Media,http://www.5screensmedia.com/,5screensmedia.com,,no-email
500Friends,http://www.500Friends.com,500friends.com,,no-email
500px,http://500px.com,500px.com,,no-email
51 Qiangzuo,http://www.51qiangzuo.com/,51qiangzuo.com,user@domain.com,ready
51wofang 无忧我房,http://www.51wofang.com,51wofang.com,sevice@51wofang.com,ready
55social,http://55social.com,55social.com,,no-email
58 Daojia,http://daojia.58.com/,daojia.58.com,,no-email
59sec,https://www.59sec.com,59sec.com,,no-email
5app,http://5app.com/,5app.com,hello@5app.com,ready
5o9,http://www.3pmobile.com,3pmobile.com,info@3pmobile.com,ready
5skills,http://5skills.me,5skills.me,,no-email
5th Avenue Media,http://5thavemedia.com,5thavemedia.com,,no-email
5to1,http://www.5to1.com,5to1.com,,no-email
60Frames Entertainment,http://60frames.com/,60frames.com,,no-email
60mo,http://60mo.com,60mo.com,,no-email
640 Labs,http://www.640labs.com/,640labs.com,,no-email
6Qube,http://www.6qube.com/,6qube.com,,no-email
6degrees,http://www.get6degrees.com,get6degrees.com,hello@get6degrees.com,ready
6EP,http://6ep.co.uk/,6ep.co.uk,clair.mcgowan@cbre.com,ready
6fusion,http://www.6fusion.com,6fusion.com,,no-email
6px,https://6px.io,6px.io,support@nohudoithuong.com,ready
6sense,http://www.6sense.com,6sense.com,,no-email
6th Sense Analytics,http://www.sixthsenseanalytics.com,sixthsenseanalytics.com,,no-email
6Wunderkinder / Wunderlist,https://www.wunderlist.com/home,wunderlist.com,,no-email
7 Billion People,http://www.7bpeople.com,7bpeople.com,,no-email
71lbs,http://71lbs.com,71lbs.com,savings@71lbs.com,ready
Shoppable,http://www.Shoppable.com/,shoppable.com,info@shoppable.com,ready
7dnei.net,https://7dnei.net/,7dnei.net,,no-email
7Park Data,http://7parkdata.com,7parkdata.com,,no-email
7Summits,http://www.7summitsagency.com,7summitsagency.com,,no-email
8 Inc.,http://www.weare8.com,weare8.com,,no-email
80/20 Solutions,http://www.8020solutions.com,8020solutions.com,,no-email
80 Degrees West,http://80dwid.com,80dwid.com,,no-email
800razors,http://www.800razors.com,800razors.com,,no-email
8bit,http://www.get8bit.com,get8bit.com,,no-email
8th Story,http://www.8thstory.com,8thstory.com,cheers@8thstory.com,ready
8villages,http://www.8villages.com,8villages.com,,no-email
9+ Program,http://www.9plus.us,9plus.us,,no-email
909c,http://www.909c.fr/,909c.fr,,no-email
911 Pets,http://911pets.us/,911pets.us,,no-email
99.co,http://www.99.co,99.co,,no-email
99chairs,http://www.99chairs.com/,99chairs.com,,no-email
99degrees Custom,http://www.99degreescustom.com,99degreescustom.com,,no-email
99DRONES,http://www.99drones.com/,99drones.com,,no-email
99Gamers,http://www.99gamers.com,99gamers.com,,no-email
9Lenses,http://www.9lenses.com,9lenses.com,sales@9lenses.com,ready
9Mile Labs,http://www.9milelabs.com,9milelabs.com,info@9milelabs.com,ready
9SLIDES,http://www.9SLIDES.com,9slides.com,,no-email
9Star Research,http://www.9starinc.com,9starinc.com,sales@9starinc.com,ready
9th Dimension Biotech,http://www.9dbiotech.com,9dbiotech.com,,no-email
A Curated World,http://kaymcgowan.com,kaymcgowan.com,,no-email
A&E Complete Home Services,http://www.aecompletehome.com,aecompletehome.com,,no-email
A Green Night's Sleep,http://www.agreennightssleep.com,agreennightssleep.com,,no-email
A Place for Rover,http://www.aplaceforrover.com/,aplaceforrover.com,,no-email
A Smarter City,http://www.asmartercity.com,asmartercity.com,,no-email
A V.E.T.S.c.a.r.e.,http://VETScare.net,vetscare.net,,no-email
A1 Software Group Inc (Selly Automotive),http://www.a1softwaregroup.com,a1softwaregroup.com,,no-email
A10 Capital,http://a10capital.com,a10capital.com,info@a10capital.com,ready
A2Zlogix,http://a2zlogix.com,a2zlogix.com,,no-email
Aardvark,http://googleblog.blogspot.com/2011/09/fall-spring-clean.html,googleblog.blogspot.com,,no-email
Aarki,http://www.aarki.com,aarki.com,,no-email
AB Tasty,http://en.abtasty.com,en.abtasty.com,,no-email
Abacast,http://www.abacast.com,abacast.com,,no-email
Abacus e-Media,http://abacusemedia.com,abacusemedia.com,info@abacusemedia.com,ready
Abacus,http://abacus.com,abacus.com,csm@emburse.com,ready
Abakus,http://abakus.me,abakus.me,,no-email
Abaris,https://www.myabaris.com,myabaris.com,support@blueprintincome.com,ready
Abaxia,http://www.abaxia.com,abaxia.com,,no-email
ABB Road,http://www.thatboatplace.com,thatboatplace.com,,no-email
AbbeyPost,http://abbeypost.com,abbeypost.com,,no-email
Abe's Market,http://www.abesmarket.com,abesmarket.com,,no-email
AbilTo,http://www.abilto.com,abilto.com,,no-email
Abios Gaming,http://abiosgaming.com/,abiosgaming.com,,no-email
Abiquo Group,http://www.abiquo.com,abiquo.com,,no-email
aBIZinaBOX,http://abizinabox.com,abizinabox.com,,no-email
Able Lending,https://www.ablelending.com/,ablelending.com,50365a6fe24f4ff28f6b625410e04a35@sentry.io,ready
Able Device,http://abledevice.com,abledevice.com,,no-email
Able Planet,http://www.ableplanet.com,ableplanet.com,,no-email
AbleCloud,http://www.ablecloud.cn/,ablecloud.cn,,no-email
AbleSky,http://ablesky.com,ablesky.com,,no-email
ABO Data,http://PLATONE.IO,platone.io,,no-email
ABODO,http://www.abodo.com,abodo.com,,no-email
About GlamourRent GmbH,http://www.glamourrent.com,glamourrent.com,,no-email
AboutMyStar,http://aboutmystar.com,aboutmystar.com,,no-email
AboutOurWork,http://www.aboutourwork.com,aboutourwork.com,,no-email
ABOVE Solutions,http://above-inc.com,above-inc.com,,no-email
Abovo42 Corporation,http://www.Abovo42.com,abovo42.com,post@abovo.co,ready
A Break Please,http://www.abreakplease.com/,abreakplease.com,,no-email
ABSENTIA,http://www.absentiavr.com/,absentiavr.com,,no-email
AbsolutData,http://www.absolutdata.com,absolutdata.com,,no-email
Absolute Commerce,http://absolutecommerce.com/,absolutecommerce.com,,no-email
Abtran,http://abtran.com/,abtran.com,,no-email
Abukai,http://abukai.com,abukai.com,,no-email
FashionAde.com (Abundant Closet),http://www.FashionAde.com,fashionade.com,,no-email
Abury,http://abury.net/,abury.net,info@abury.org,ready
abusix,http://abusix.com,abusix.com,,no-email
AbZorba Games,http://www.abzorbagames.com,abzorbagames.com,,no-email
A.C. Moore,http://acmoore.com,acmoore.com,,no-email
Acacia Interactive,http://investing.businessweek.com,investing.businessweek.com,,no-email
Acacia Research,http://www.acaciaresearch.com,acaciaresearch.com,ir@acaciares.com,ready
Academia RFID,http://rfidacademia.com,rfidacademia.com,,no-email
AcademixDirect,http://www.academixdirect.com,academixdirect.com,info@academixdirect.com,ready
Acadient,http://www.acadient.com,acadient.com,,no-email
Acadine Technologies,http://www.acadine.com,acadine.com,,no-email
acaia,http://acaia.co,acaia.co,,no-email
Accalio,http://accalio.com/,accalio.com,,no-email
Acccess Technology Solutions,http://www.accessts.com/,accessts.com,,no-email
Accedian Networks,http://www.accedian.com,accedian.com,,no-email
Accela,http://www.accela.com,accela.com,support-mea@accela.com,ready
Accelerated IO,http://www.pac-n-zoom.com,pac-n-zoom.com,,no-email
Accelerated Pictures,http://acceleratedpictures.com/,acceleratedpictures.com,info@acceleratedpictures.com,ready
Accelerated Vision Group,http://acceleratedvision.com,acceleratedvision.com,,no-email
Accelerator Centre,http://www.acceleratorcentre.com,acceleratorcentre.com,info@acceleratorcentre.com,ready
Accelerator Corp.,http://www.acceleratorcorp.com,acceleratorcorp.com,,no-email
Accelerize New Media,http://www.accelerizenewmedia.com,accelerizenewmedia.com,,no-email
Accelitec,http://www.accelitec.com,accelitec.com,sales@brdata.com,ready
Accella Learning,http://www.accellalearning.com,accellalearning.com,,no-email
Accellion,http://www.accellion.com,accellion.com,sales@kiteworks.com,ready
Accellos,http://www.accellos.com,accellos.com,,no-email
AccelOne,http://accelone.com,accelone.com,,no-email
AccelOps,http://www.accelops.com,accelops.com,,no-email
Accelovation,http://www.accelovation.com/,accelovation.com,,no-email
Accengage,http://www.accengage.com/,accengage.com,press@urbanairship.com,ready
Accent Media Limited,http://accent.media,accent.media,,no-email
Accenx Technologies,http://www.accenx.com,accenx.com,,no-email
Acceptd,http://getacceptd.com,getacceptd.com,,no-email
Access Information Management,http://informationprotected.com,informationprotected.com,melissa.kolodziej@accesscorp.com,ready
Access Northeast,http://www.axsne.com,axsne.com,,no-email
AccessSportsMedia.com,http://accesssportsmedia.com,accesssportsmedia.com,,no-email
Access Systems,http://www.accsys-inc.com,accsys-inc.com,,no-email
Access UK,http://www.theaccessgroup.com,theaccessgroup.com,,no-email
AccessData,http://www.accessdata.com,accessdata.com,,no-email
AccessLan Communications,http://www.accesslan.com/,accesslan.com,,no-email
Access Network,http://www.accessnetwork.com,accessnetwork.com,,no-email
Accipiter,http://www.accipiter.com/,accipiter.com,,no-email
Accipiter Systems,http://www.accipitersystems.com,accipitersystems.com,info@accipitersystems.com,ready
Acclaimd,http://www.acclaimd.com,acclaimd.com,,no-email
Acclaris Holdings,http://www.acclaris.com/,acclaris.com,,no-email
Acco Brands,http://www.accobrands.com/acco/us/us/home.aspx,accobrands.com,,no-email
ACCO SA,http://www.acco-ic.com,acco-ic.com,,no-email
Accolo,http://www.accolo.com,accolo.com,,no-email
Accordent Technologies,http://www.accordent.com,accordent.com,,no-email
Accordion Health,https://accordionhealth.com,accordionhealth.com,,no-email
Accountable,http://www.accountablehq.com,accountablehq.com,support@accountablehq.com,ready
Accreon,http://www.accreon.com/,accreon.com,,no-email
Accrue Search Concepts dba Boounce,http://www.boounce.com/indexBeta.php,boounce.com,,no-email
Accruent,http://www.accruent.com,accruent.com,support@accruent.com,ready
Accruit,http://www.accruit.com,accruit.com,info@accruit.com,ready
AccuDraft,http://www.accudraft.com,accudraft.com,info@accudraft.com,ready
Accumedia,http://www.accumedia.com/,accumedia.com,,no-email
Accumuli Security,http://www.accumuli.com,accumuli.com,,no-email
Accuradio,http://www.accuradio.com/,accuradio.com,support@accuradio.com,ready
Accurence,http://www.accurence.com,accurence.com,,no-email
AccuRev,http://www.accurev.com,accurev.com,,no-email
AccurIC,http://www.accuric.com,accuric.com,info@accuric.com,ready
Pegasus Imaging Corporation,http://www.accusoft.com,accusoft.com,,no-email
AccuTherm Systems,http://accumedsystemsinc.com,accumedsystemsinc.com,info@accumedsystemsinc.com,ready
AccuVein,http://www.accuvein.com,accuvein.com,,no-email
ACE Consensus,http://www.aceconsensus.com,aceconsensus.com,,no-email
ACE Health,http://www.acehealth.co,acehealth.co,info@acehealth.co,ready
Ace Learning Company,http://www.acelearningco.com/,acelearningco.com,,no-email
Ace Metrix,http://www.acemetrix.com,acemetrix.com,info@acemetrix.com,ready
Acesis,http://www.acesis.com,acesis.com,info@acesis.com,ready
ACHICA,http://www.achica.com,achica.com,,no-email
Achieve Financial Services,http://www.achievecard.com,achievecard.com,,no-email
Achieve X,http://achievenext.com,achievenext.com,info@achievenext.com,ready
Achieve3000,http://www.achieve3000.com,achieve3000.com,,no-email
AchieveIt,http://achieveit.com,achieveit.com,sales@achieveit.com,ready
Achievers,http://www.achievers.com,achievers.com,member.support@achievers.com,ready
Achievo,https://www.achievo.com,achievo.com,,no-email
Achievo(R) Corporation,http://www.achievo.org,achievo.org,,no-email
Achilles Group,http://www.achilles.co.uk,achilles.co.uk,,no-email
ACI Solutions,http://www.acisolutions.net,acisolutions.net,info@acisolutions.net,ready
Acid Labs,http://www.acidlabsllc.com,acidlabsllc.com,,no-email
Zentri,http://www.zentri.com,zentri.com,feedback@silabs.com,ready
ACM Capital Partners,http://acmcapitalpartners.com,acmcapitalpartners.com,info@acmcapitalpartners.com,ready
Acompli,https://www.acompli.com,acompli.com,,no-email
Aconex,http://www.aconex.com,aconex.com,,no-email
Aconite Technology,http://www.aconite.net,aconite.net,,no-email
Acopio,http://acopio.org,acopio.org,,no-email
Acorio,http://www.acorio.com,acorio.com,,no-email
Acorn Applications,http://www.acornapplications.com/,acornapplications.com,,no-email
Acosta Sales & Marketing,http://www.acosta.com,acosta.com,,no-email
Acoustic Technologies,http://www.acoustictech.com,acoustictech.com,,no-email
Acquia,http://acquia.com,acquia.com,,no-email
Acquisio,http://www.acquisio.com,acquisio.com,,no-email
Acro Aircraft Seating,http://acro.aero/home.htm,acro.aero,,no-email
Acrolinx,http://www.acrolinx.com,acrolinx.com,responses@acrolinx.com,ready
"Acronym Media, Inc.",http://www.acronym.com,acronym.com,,no-email
ACS Clothing,http://hirewear.co.uk,hirewear.co.uk,user@domain.com,ready
ACT.md,http://act.md,act.md,,no-email
Act-On Software,http://www.act-on.com,act-on.com,info@act-on.com,ready
ACT Teleconferencing Inc.,http://www.acttel.com,acttel.com,,no-email
Acta technology,http://www.acta.com,acta.com,,no-email
Actacell,http://www.actacell.com,actacell.com,,no-email
Actelis Networks,http://www.actelis.com,actelis.com,info@actelis.com,ready
Actiance,http://www.actiance.com,actiance.com,,no-email
Actifi,http://actifi.com,actifi.com,info@actifi.com,ready
Actifio,http://www.actifio.com,actifio.com,,no-email
Actimagine,http://www.actimagine.com,actimagine.com,,no-email
Actimize,http://www.niceactimize.com/,niceactimize.com,,no-email
Action,http://www.action.nl,action.nl,,no-email
Action Products International,http://www.apii.com,apii.com,info@apii.com,ready
Action Square,http://www.action2quare.com/,action2quare.com,,no-email
ActionIQ,http://actioniq.co,actioniq.co,,no-email
ActionRun,http://actionrun.com,actionrun.com,,no-email
ACTIV Financial Systems,http://www.activfinancial.com,activfinancial.com,sales@options-it.com,ready
Activ Technologies,http://activ-tech.com,activ-tech.com,,no-email
activ8 Intelligence,http://www.a8i.co.uk,a8i.co.uk,,no-email
Activate Hub,http://activatehub.org/,activatehub.org,,no-email
"Activation, Inc.",http://www.activationmobile.com,activationmobile.com,,no-email
Activation Solutions,http://www.activation-solutions.com/,activation-solutions.com,support@lc-tech.com,ready
Active Circle,http://www.active-circle.com,active-circle.com,active-circle@oodrive.com,ready
Active Endpoints,http://www.activeendpoints.com,activeendpoints.com,,no-email
Active International,http://activeinternational.com,activeinternational.com,achievemore@activeinternational.com,ready
Active Junky,http://www.activejunky.com,activejunky.com,support@activejunky.com,ready
Active Location Inc.,http://activelocation.com,activelocation.com,,no-email
Active Mind Technology,http://www.gamegolf.com,gamegolf.com,,no-email
Active Navigation,http://www.activenavigation.com/,activenavigation.com,,no-email
Active Scaler,http://activescaler.com/,activescaler.com,,no-email
Active SONAR .Inc,http://www.active-sonar.co.jp/,active-sonar.co.jp,,no-email
Active Storage,http://getactivestorage.com/index.php,getactivestorage.com,,no-email
Active Tax & Accounting,http://www.activetaxllc.com/,activetaxllc.com,,no-email
ActiveGrid,http://www.activegrid.com/,activegrid.com,,no-email
ACTIVE Network,http://www.activenetwork.com,activenetwork.com,you@yoursite.com,ready
ActiveStrategy,http://www.activestrategy.com,activestrategy.com,,no-email
ActiveTrak,http://gadgettrak.com,gadgettrak.com,,no-email
ActiveUSA.com,http://www.active.com/,active.com,pr@activenetwork.com,ready
ActivIdentity,http://www.actividentity.com,actividentity.com,,no-email
Bounts,http://www.bounts.it,bounts.it,,no-email
Activity Rocket,http://www.activityrocket.com,activityrocket.com,,no-email
ActivNetworks,http://www.activnetworks.com,activnetworks.com,,no-email
ActSocial,http://www.actsocial.com,actsocial.com,,no-email
Actual Experience,http://www.actual-experience.com,actual-experience.com,,no-email
Actual Reports,http://actualreports.com,actualreports.com,,no-email
ActualSun,http://www.actualsun.com,actualsun.com,,no-email
ActuatedMedical,http://actuatedmedical.com,actuatedmedical.com,info@actuatedmedical.com,ready
Acturis,http://acturis.com,acturis.com,,no-email
Actus Interactive Software,http://actus-software.com,actus-software.com,,no-email
Acuity Systems,http://salesmadeeasy.com,salesmadeeasy.com,,no-email
AcuityAds,http://www.acuityads.com,acuityads.com,,no-email
Acumatica,http://www.acumatica.com,acumatica.com,info@acumatica.com,ready
Acumen Holdings,http://www.acumenholdings.com,acumenholdings.com,,no-email
Acunote,http://www.acunote.com,acunote.com,,no-email
Acunu,http://www.acunu.com,acunu.com,,no-email
Ad Infuse,http://www.adinfuse.com,adinfuse.com,,no-email
Ad.IQ,http://www.adiqglobal.com,adiqglobal.com,,no-email
Ad Knights,http://www.adknights.com,adknights.com,,no-email
Adisn,http://www.adisn.com,adisn.com,,no-email
Ad Summos,http://www.adsummos.com,adsummos.com,,no-email
Ad Tech Media Sales,http://www.adtechmediasales.com,adtechmediasales.com,support@inmotionhosting.com,ready
Ad Venture,http://ad-venture.tv/,ad-venture.tv,,no-email
Ada's Avenue,http://shop.adas-avenue.eu/,shop.adas-avenue.eu,,no-email
AdAdapted,http://adadapted.com,adadapted.com,info@adadapted.com,ready
AdAgility,http://www.AdAgility.com,adagility.com,,no-email
Adallom,http://www.adallom.com,adallom.com,,no-email
Adam Aircraft,http://www.adamaircraft.com/,adamaircraft.com,,no-email
Adams Floor Decor,http://www.cokerfloor.com,cokerfloor.com,,no-email
Adan,http://www.adaninc.com/,adaninc.com,,no-email
"Adap.tv, now a part of ONE by AOL",http://www.onebyaol.com,onebyaol.com,,no-email
Adapt,http://www.adaptplc.com,adaptplc.com,,no-email
Adaptly,http://adaptly.com,adaptly.com,,no-email
Adapt Technologies,http://www.adapt.com,adapt.com,,no-email
Adapteva,http://www.adapteva.com,adapteva.com,,no-email
"adaptifyed, Inc",http://adaptifyed.com,adaptifyed.com,,no-email
Adaptis Solutions,http://www.adaptis-solutions.com,adaptis-solutions.com,,no-email
"Adaptive Advertising, Inc.",http://www.ADaptiveAdvertising.biz,adaptiveadvertising.biz,filler@godaddy.com,ready
Adaptive Computing,http://www.adaptivecomputing.com,adaptivecomputing.com,info@adaptivecomputing.com,ready
Adaptive Insights,http://www.adaptiveinsights.com/,adaptiveinsights.com,,no-email
"Adaptive Medias, Inc.",http://www.adaptivem.com,adaptivem.com,,no-email
Adaptive Media,http://www.adaptivemedia.com/,adaptivemedia.com,info@aatv.co,ready
Adaptive Payments,http://adaptivepayments.com,adaptivepayments.com,,no-email
Adaptive Planning,http://www.adaptiveplanning.com/,adaptiveplanning.com,,no-email
Adaptive Technologies,http://www.adaptivetechinc.com,adaptivetechinc.com,,no-email
AdaptiveWell Technologies,http://www.adaptivewell.com,adaptivewell.com,,no-email
Adaptiv.io,http://www.adaptiv.io/,adaptiv.io,,no-email
Adaptivity,http://adaptivity.com,adaptivity.com,,no-email
Adapx,http://www.adapx.com,adapx.com,sales@adapx.com,ready
ADAR IT,http://www.adarIT.com,adarit.com,info@rhodiangroup.com,ready
ADARA,http://www.adara.com,adara.com,sales@adara.com,ready
Adatao,http://adatao.com,adatao.com,,no-email
adBidtise,https://www.adbidtise.com/,adbidtise.com,my@mail.com,ready
AdBira Network,http://Adbira.com,adbira.com,,no-email
Adbongo,http://www.adbongo.com,adbongo.com,,no-email
Adbrain,http://adbrain.com,adbrain.com,,no-email
adBrite,http://adbrite.com,adbrite.com,,no-email
Adcade,http://adcade.com,adcade.com,,no-email
Adcast,http://adca.st,adca.st,hello@fruits.co,ready
ADCentricity,http://www.adcentricity.com,adcentricity.com,,no-email
Adchemy,http://www.adchemy.com,adchemy.com,sofia.royo@walmart.com,ready
Adconion Media Group,http://www.adconion.com,adconion.com,,no-email
Adconnect,http://adconnect.com/,adconnect.com,,no-email
AdCrimson,http://www.adcrimson.com,adcrimson.com,,no-email
Adcrowd retargeting,http://www.adcrowd.com,adcrowd.com,support@adcrowd.com,ready
AddShoppers,http://www.AddShoppers.com,addshoppers.com,,no-email
Addamark Technologies,http://www.addamark.com/,addamark.com,,no-email
Addapp,https://addapp.io/,addapp.io,,no-email
Addepar,http://www.addepar.com,addepar.com,pr@addepar.com,ready
Addictive,http://www.pitchtarget.com,pitchtarget.com,,no-email
AddMyBest,http://www.addmybest.com,addmybest.com,,no-email
AddonTV,http://www.addon.tv,addon.tv,,no-email
Addoway,http://www.addoway.com,addoway.com,,no-email
AddThis,http://www.addthis.com,addthis.com,,no-email
Addvocate,http://addvocate.com,addvocate.com,hello@addvocate.com,ready
Adea,http://www.adea.com,adea.com,postmaster@xrx.net,ready
aDealio,http://www.adealio.com,adealio.com,,no-email
AdECN,http://www.adecn.com,adecn.com,,no-email
AdelaVoice,http://www.sharethat.com/,sharethat.com,,no-email
Adello Inc,http://www.adello.com,adello.com,info@adello.com,ready
Adelphic,http://www.adelphic.com,adelphic.com,,no-email
Adenosine Therapeutics,http://www.adenrx.com/,adenrx.com,,no-email
ADENTS HTI,http://www.adents.com,adents.com,,no-email
Adept Cloud,http://adeptcloud.com,adeptcloud.com,,no-email
AdEspresso,http://adespresso.com,adespresso.com,bdfafcc9b2c5411aa1ddee6291d224ed@sentry.io,ready
Adesso Solutions,http://www.adessosolutions.com,adessosolutions.com,people@adesso.ai,ready
AdEx Media,http://www.adex.com,adex.com,sales@adex.com,ready
AdexLink,http://www.adexlink.com,adexlink.com,,no-email
AdExtent,http://www.adextent.com,adextent.com,,no-email
Adeze,http://www.adeze.com,adeze.com,,no-email
Adfaces,http://www.adfaces.net,adfaces.net,,no-email
Adfiki,http://www.adfiki.com/,adfiki.com,,no-email
Global Ad Source,http://www.globaladsource.com,globaladsource.com,info@globaladsource.com,ready
adflyer,http://www.adflyer.co.uk,adflyer.co.uk,,no-email
"Adfora, Inc.",http://www.adfora.com,adfora.com,hello@fruits.co,ready
adFreeq,http://www.adFreeq.com,adfreeq.com,,no-email
AdGent Digital,http://www.adgentdigital.com,adgentdigital.com,,no-email
AdGibbon,http://www.adgibbon.com,adgibbon.com,,no-email
AdGrok,http://adgrok.com,adgrok.com,,no-email
AdHack,http://adhack.com,adhack.com,,no-email
AdHawk,http://www.tryadhawk.com,tryadhawk.com,,no-email
Adherence Compliance,http://www.adherence-corp.com,adherence-corp.com,,no-email
Adhesion Wealth Advisor Solutions,http://adhesionwealth.com,adhesionwealth.com,hello@theout.fit,ready
Adhesive.co,http://adhesive.co,adhesive.co,,no-email
Adient Medical,http://www.adientmedical.com/,adientmedical.com,mitch.eggers@adientmedical.com,ready
Adify,http://www.adify.com,adify.com,hello@adify.com,ready
Adikteev,http://adikteev.com,adikteev.com,,no-email
Adility,http://www.adility.com,adility.com,,no-email
Adim8,http://www.adim8.com,adim8.com,,no-email
Adinch Inc,http://www.adinch.com,adinch.com,,no-email
ADINCON,http://www.adincon.com,adincon.com,,no-email
ResponseTap,http://www.responsetap.com,responsetap.com,,no-email
Adiply,http://adiply.com,adiply.com,,no-email
Aditazz,http://www.aditazz.com,aditazz.com,,no-email
Aditium,http://aditium.com,aditium.com,,no-email
Aditive,http://www.aditive.com,aditive.com,,no-email
ADITU SAS,http://www.aditu.fr,aditu.fr,service.client@aditu.fr,ready
Admedo Ltd,http://www.admedo.com,admedo.com,,no-email
Adjacent Applications,http://www.adjacentapps.com,adjacentapps.com,,no-email
Adjudica,http://www.healthsight.com,healthsight.com,,no-email
Adjug,http://www.adjug.com,adjug.com,,no-email
Adjust,http://www.adjust.com,adjust.com,,no-email
Adknowledge,http://adknowledge.com,adknowledge.com,,no-email
Adku,http://www.adku.com,adku.com,,no-email
AdLemons,http://adlemons.com,adlemons.com,,no-email
AdLib Mediation LLC,http://adlibmediation.com,adlibmediation.com,,no-email
AdLyft,http://www.adlyft.com/,adlyft.com,lazar@adlyft.com,ready
ADman Media,http://www.admanmedia.com,admanmedia.com,,no-email
ADmantX,http://www.admantx.com,admantx.com,,no-email
Admaxim,http://admaxim.com/,admaxim.com,,no-email
Admeld,http://www.admeld.com,admeld.com,,no-email
Admetric,http://www.getadmetric.com,getadmetric.com,,no-email
